<bpy>
  <Theme>
    <user_interface>
      <ThemeUserInterface
        menu_shadow_fac="0.4"
        menu_shadow_width="7"
        icon_alpha="1"
        icon_saturation="0.75"
        widget_emboss="#212429ff"
        editor_border="#272b31"
        editor_outline="#2c303700"
        editor_outline_active="#4f57642a"
        widget_text_cursor="#6b9699"
        panel_roundness="0.0"
        transparent_checker_primary="#1e2023"
        transparent_checker_secondary="#32363d"
        transparent_checker_size="8"
        axis_x="#fb5a26"
        axis_y="#25d62b"
        axis_z="#4365fb"
        gizmo_hi="#e0e0e0"
        gizmo_primary="#3bf100"
        gizmo_secondary="#80a6fb"
        gizmo_view_align="#fbfbfb"
        gizmo_a="#5fa774"
        gizmo_b="#a26247"
        icon_scene="#fbfbfbff"
        icon_collection="#fbfbfbff"
        icon_object="#57bdabff"
        icon_object_data="#57bdabff"
        icon_modifier="#57bdabff"
        icon_shading="#fbfbfbff"
        icon_folder="#57bdabff"
        icon_autokey="#ab3c48ff"
        icon_border_intensity="0"
        >
        <wcol_regular>
          <ThemeWidgetColors
            outline="#41444bff"
            inner="#2c3037ff"
            inner_sel="#446673ff"
            item="#505766ff"
            text="#b6b9bf"
            text_sel="#fbfbfb"
            show_shaded="FALSE"
            shadetop="-20"
            shadedown="15"
            roundness="0.0"
            >
          </ThemeWidgetColors>
        </wcol_regular>
        <wcol_tool>
          <ThemeWidgetColors
            outline="#474e5aff"
            inner="#383e48ff"
            inner_sel="#70b3b680"
            item="#505766ff"
            text="#b6b9bf"
            text_sel="#fbfbfb"
            show_shaded="FALSE"
            shadetop="0"
            shadedown="-5"
            roundness="0.0"
            >
          </ThemeWidgetColors>
        </wcol_tool>
        <wcol_toolbar_item>
          <ThemeWidgetColors
            outline="#474e5aff"
            inner="#2c3037ff"
            inner_sel="#4694ae40"
            item="#5057668f"
            text="#b6b9bf"
            text_sel="#fbfbfb"
            show_shaded="FALSE"
            shadetop="0"
            shadedown="0"
            roundness="0.0"
            >
          </ThemeWidgetColors>
        </wcol_toolbar_item>
        <wcol_radio>
          <ThemeWidgetColors
            outline="#474e5aff"
            inner="#343841ff"
            inner_sel="#9db7d243"
            item="#505766ff"
            text="#b6b9bf"
            text_sel="#fbfbfb"
            show_shaded="FALSE"
            shadetop="2"
            shadedown="0"
            roundness="0.0"
            >
          </ThemeWidgetColors>
        </wcol_radio>
        <wcol_text>
          <ThemeWidgetColors
            outline="#3e454fff"
            inner="#2c3037ff"
            inner_sel="#1e2023ff"
            item="#505766ff"
            text="#b6b9bf"
            text_sel="#fbfbfb"
            show_shaded="FALSE"
            shadetop="3"
            shadedown="0"
            roundness="0.0"
            >
          </ThemeWidgetColors>
        </wcol_text>
        <wcol_option>
          <ThemeWidgetColors
            outline="#474e5aff"
            inner="#30353d80"
            inner_sel="#507c80bf"
            item="#9be7ffff"
            text="#fbfbfb"
            text_sel="#fbfbfb"
            show_shaded="FALSE"
            shadetop="0"
            shadedown="0"
            roundness="0.0"
            >
          </ThemeWidgetColors>
        </wcol_option>
        <wcol_toggle>
          <ThemeWidgetColors
            outline="#3e454fff"
            inner="#2c3037ff"
            inner_sel="#507c80bf"
            item="#505766ff"
            text="#b6b9bf"
            text_sel="#fbfbfb"
            show_shaded="FALSE"
            shadetop="0"
            shadedown="0"
            roundness="0.0"
            >
          </ThemeWidgetColors>
        </wcol_toggle>
        <wcol_num>
          <ThemeWidgetColors
            outline="#474e5aff"
            inner="#2c3037ff"
            inner_sel="#212429ff"
            item="#11768aff"
            text="#c3c6c8"
            text_sel="#fbfbfb"
            show_shaded="FALSE"
            shadetop="-4"
            shadedown="6"
            roundness="0.0"
            >
          </ThemeWidgetColors>
        </wcol_num>
        <wcol_numslider>
          <ThemeWidgetColors
            outline="#2c3037ff"
            inner="#2c3037ff"
            inner_sel="#282b2fff"
            item="#466873bf"
            text="#d6d6d6"
            text_sel="#fbfbfb"
            show_shaded="FALSE"
            shadetop="-4"
            shadedown="0"
            roundness="0.0"
            >
          </ThemeWidgetColors>
        </wcol_numslider>
        <wcol_box>
          <ThemeWidgetColors
            outline="#2c3037ff"
            inner="#30353df2"
            inner_sel="#505766ff"
            item="#505766ff"
            text="#b6b9bf"
            text_sel="#fbfbfb"
            show_shaded="FALSE"
            shadetop="0"
            shadedown="0"
            roundness="0.0"
            >
          </ThemeWidgetColors>
        </wcol_box>
        <wcol_menu>
          <ThemeWidgetColors
            outline="#40454eff"
            inner="#2c3037ff"
            inner_sel="#505766ff"
            item="#505766ff"
            text="#b6b9bf"
            text_sel="#fbfbfb"
            show_shaded="FALSE"
            shadetop="10"
            shadedown="-10"
            roundness="0.0"
            >
          </ThemeWidgetColors>
        </wcol_menu>
        <wcol_pulldown>
          <ThemeWidgetColors
            outline="#30353d00"
            inner="#30353dcc"
            inner_sel="#505766e6"
            item="#505766ff"
            text="#b6b9bf"
            text_sel="#fbfbfb"
            show_shaded="FALSE"
            shadetop="25"
            shadedown="-20"
            roundness="0.0"
            >
          </ThemeWidgetColors>
        </wcol_pulldown>
        <wcol_menu_back>
          <ThemeWidgetColors
            outline="#2c3037ff"
            inner="#30353df2"
            inner_sel="#505766ff"
            item="#505766ff"
            text="#b6b9bf"
            text_sel="#fbfbfb"
            show_shaded="FALSE"
            shadetop="25"
            shadedown="-20"
            roundness="0.0"
            >
          </ThemeWidgetColors>
        </wcol_menu_back>
        <wcol_pie_menu>
          <ThemeWidgetColors
            outline="#2c3037ff"
            inner="#30353df2"
            inner_sel="#505766ff"
            item="#466873ff"
            text="#b6b9bf"
            text_sel="#fbfbfb"
            show_shaded="FALSE"
            shadetop="10"
            shadedown="-10"
            roundness="0.0"
            >
          </ThemeWidgetColors>
        </wcol_pie_menu>
        <wcol_tooltip>
          <ThemeWidgetColors
            outline="#2c3037ff"
            inner="#30353df2"
            inner_sel="#505766ef"
            item="#505766ef"
            text="#b6b9bf"
            text_sel="#fbfbfb"
            show_shaded="FALSE"
            shadetop="25"
            shadedown="-20"
            roundness="0.0"
            >
          </ThemeWidgetColors>
        </wcol_tooltip>
        <wcol_menu_item>
          <ThemeWidgetColors
            outline="#30353d00"
            inner="#30353d00"
            inner_sel="#505766e6"
            item="#505766ff"
            text="#b6b9bf"
            text_sel="#fbfbfb"
            show_shaded="FALSE"
            shadetop="38"
            shadedown="0"
            roundness="0.0"
            >
          </ThemeWidgetColors>
        </wcol_menu_item>
        <wcol_scroll>
          <ThemeWidgetColors
            outline="#2c3037ff"
            inner="#30353d00"
            inner_sel="#505766ff"
            item="#505766ff"
            text="#b6b9bf"
            text_sel="#fbfbfb"
            show_shaded="FALSE"
            shadetop="5"
            shadedown="-5"
            roundness="0.0"
            >
          </ThemeWidgetColors>
        </wcol_scroll>
        <wcol_progress>
          <ThemeWidgetColors
            outline="#2c3037ff"
            inner="#2c3037ff"
            inner_sel="#7c6681ff"
            item="#505766ff"
            text="#b6b9bf"
            text_sel="#fbfbfb"
            show_shaded="FALSE"
            shadetop="0"
            shadedown="0"
            roundness="0.0"
            >
          </ThemeWidgetColors>
        </wcol_progress>
        <wcol_list_item>
          <ThemeWidgetColors
            outline="#2c3037ff"
            inner="#30353d00"
            inner_sel="#212429ff"
            item="#466873ff"
            text="#b6b9bf"
            text_sel="#fbfbfb"
            show_shaded="FALSE"
            shadetop="0"
            shadedown="0"
            roundness="0.0"
            >
          </ThemeWidgetColors>
        </wcol_list_item>
        <wcol_state>
          <ThemeWidgetStateColors
            inner_anim="#986941"
            inner_anim_sel="#49a545"
            inner_key="#b17b48"
            inner_key_sel="#b5d461"
            inner_driven="#ca18c9"
            inner_driven_sel="#dc1ae3"
            inner_overridden="#2f95c1"
            inner_overridden_sel="#226e8f"
            inner_changed="#caa93f"
            inner_changed_sel="#e3c046"
            blend="0.5"
            >
          </ThemeWidgetStateColors>
        </wcol_state>
        <wcol_tab>
          <ThemeWidgetColors
            outline="#2c3037ff"
            inner="#2c3037ff"
            inner_sel="#505766ff"
            item="#505766ff"
            text="#b6b9bf"
            text_sel="#fbfbfb"
            show_shaded="FALSE"
            shadetop="0"
            shadedown="0"
            roundness="0.0"
            >
          </ThemeWidgetColors>
        </wcol_tab>
      </ThemeUserInterface>
    </user_interface>
    <view_3d>
      <ThemeView3D
        grid="#434a5540"
        clipping_border_3d="#41444bff"
        wire="#140a44"
        wire_edit="#040404"
        edge_width="1"
        gp_vertex="#040404"
        gp_vertex_select="#fbfbfb"
        gp_vertex_size="3"
        text_grease_pencil="#85e336"
        object_selected="#fbfbfb"
        object_active="#36cc8f"
        text_keyframe="#d65219"
        camera="#12966c"
        empty="#d92e21"
        light="#fbcb2c28"
        speaker="#e0e0e0"
        vertex="#000000"
        vertex_select="#51aafb"
        vertex_size="4"
        vertex_bevel="#000000"
        vertex_unreferenced="#e0e0e0"
        edge_select="#51aafb"
        edge_mode_select="#51aafb"
        edge_seam="#d92e21"
        edge_sharp="#b8fb1d"
        edge_crease="#c300ae"
        edge_bevel="#040404"
        edge_facesel="#2c3037"
        freestyle_edge_mark="#cb99fb"
        face="#04040400"
        face_select="#51aafb33"
        face_mode_select="#51aafb33"
        face_dot="#51aafb"
        facedot_size="4"
        freestyle_face_mark="#98fbb633"
        face_retopology="#6aa2fb0f"
        face_back="#fb5f1db3"
        face_front="#fb5f1db3"
        nurb_uline="#6a9012"
        nurb_vline="#803f52"
        nurb_sel_uline="#befb5b"
        nurb_sel_vline="#eda7a7"
        act_spline="#d86f2b"
        handle_free="#e0e0e0"
        handle_auto="#6a9012"
        handle_vect="#40904b"
        handle_sel_vect="#45be5c"
        handle_align="#803f52"
        handle_sel_free="#e6e6e6"
        handle_sel_auto="#befb5b"
        handle_sel_align="#eda7a7"
        lastsel_point="#fbfbfb"
        extra_edge_len="#fbfbfb"
        extra_edge_angle="#83b215"
        extra_face_angle="#b8fb1d"
        extra_face_area="#b8fb1d"
        editmesh_active="#00ffb3ff"
        normal="#3aaada"
        vertex_normal="#3aaada"
        split_normal="#3aaada"
        bone_pose="#6aa2fb"
        bone_pose_active="#a4e1fb"
        bone_solid="#c6c6c6"
        bone_locked_weight="#fbd70080"
        frame_current="#57bdab"
        before_current_frame="#f22e23"
        after_current_frame="#78f244"
        bundle_solid="#c6c6c6"
        camera_path="#e0e0e0"
        camera_passepartout="#040404"
        skin_root="#b27960"
        view_overlay="#e0e0e0"
        transform="#e0e0e0"
        paint_curve_handle="#98fbb67f"
        paint_curve_pivot="#98fbb67f"
        outline_width="2"
        object_origin_size="6"
        >
        <space>
          <ThemeSpaceGradient
            title="#e0e0e0"
            text="#e0e0e0"
            text_hi="#e0e0e0"
            header="#2c3037ff"
            header_text="#e0e0e0"
            header_text_hi="#e0e0e0"
            button="#2c3037ff"
            button_title="#e0e0e0"
            button_text="#e0e0e0"
            button_text_hi="#e0e0e0"
            navigation_bar="#2c3037ff"
            execution_buts="#2c3037ff"
            tab_active="#505766"
            tab_inactive="#2c3037"
            tab_back="#2c3037ff"
            tab_outline="#2c3037ff"
            >
            <gradients>
              <ThemeGradientColors
                background_type="RADIAL"
                high_gradient="#2c3037"
                gradient="#212429"
                >
              </ThemeGradientColors>
            </gradients>
            <panelcolors>
              <ThemePanelColors
                header="#2c3037ff"
                back="#2c3037ff"
                sub_back="#2c30373e"
                >
              </ThemePanelColors>
            </panelcolors>
          </ThemeSpaceGradient>
        </space>
        <asset_shelf>
          <ThemeAssetShelf
            header_back="#202020ff"
            back="#323232ff"
            >
          </ThemeAssetShelf>
        </asset_shelf>
      </ThemeView3D>
    </view_3d>
    <graph_editor>
      <ThemeGraphEditor
        grid="#494949"
        frame_current="#5e8298"
        time_scrub_background="#242732e6"
        time_marker_line="#04040460"
        time_marker_line_selected="#fbfbfb60"
        window_sliders="#959595"
        channels_region="#4a5460"
        dopesheet_channel="#4a5460"
        dopesheet_subchannel="#2c3037"
        channel_group="#426569"
        active_channels_group="#35454d"
        preview_range="#a0811366"
        vertex="#e0e0e0"
        vertex_select="#b8fb1d"
        vertex_active="#fbfbfb"
        vertex_size="6"
        vertex_bevel="#e0e0e0"
        vertex_unreferenced="#e0e0e0"
        handle_free="#e0e0e0"
        handle_auto="#6a9012"
        handle_vect="#40904b"
        handle_sel_vect="#45be5c"
        handle_align="#803f52"
        handle_sel_free="#e0e0e0"
        handle_sel_auto="#befb5b"
        handle_sel_align="#eda7a7"
        handle_auto_clamped="#986941"
        handle_sel_auto_clamped="#eda7a7"
        lastsel_point="#e0e0e0"
        handle_vertex="#e0e0e0"
        handle_vertex_select="#b8fb1d"
        handle_vertex_size="5"
        >
        <space>
          <ThemeSpaceGeneric
            back="#2c3037"
            title="#e0e0e0"
            text="#a5a5a5"
            text_hi="#e0e0e0"
            header="#2c303780"
            header_text="#e0e0e0"
            header_text_hi="#e0e0e0"
            button="#31363dff"
            button_title="#e0e0e0"
            button_text="#e0e0e0"
            button_text_hi="#e0e0e0"
            navigation_bar="#2c3037ff"
            execution_buts="#2c3037ff"
            tab_active="#2c3037"
            tab_inactive="#2c3037"
            tab_back="#31363dff"
            tab_outline="#2c3037ff"
            >
            <panelcolors>
              <ThemePanelColors
                header="#2c303780"
                back="#2a2e34b3"
                sub_back="#16191c3e"
                >
              </ThemePanelColors>
            </panelcolors>
          </ThemeSpaceGeneric>
        </space>
        <space_list>
          <ThemeSpaceListGeneric
            list="#2c3037"
            list_title="#e0e0e0"
            list_text="#b6b6b6"
            list_text_hi="#e0e0e0"
            >
          </ThemeSpaceListGeneric>
        </space_list>
      </ThemeGraphEditor>
    </graph_editor>
    <file_browser>
      <ThemeFileBrowser
        selected_file="#3c6983"
        row_alternate="#fbfbfb07"
        >
        <space>
          <ThemeSpaceGeneric
            back="#2c3037"
            title="#e0e0e0"
            text="#e0e0e0"
            text_hi="#5c7c90"
            header="#2c303780"
            header_text="#e0e0e0"
            header_text_hi="#e0e0e0"
            button="#31363dff"
            button_title="#e0e0e0"
            button_text="#e0e0e0"
            button_text_hi="#e0e0e0"
            navigation_bar="#2c3037ff"
            execution_buts="#2c3037ff"
            tab_active="#5c7c90"
            tab_inactive="#2c3037"
            tab_back="#31363dff"
            tab_outline="#2c3037ff"
            >
            <panelcolors>
              <ThemePanelColors
                header="#2c303780"
                back="#2a2e34b3"
                sub_back="#16191c3e"
                >
              </ThemePanelColors>
            </panelcolors>
          </ThemeSpaceGeneric>
        </space>
      </ThemeFileBrowser>
    </file_browser>
    <nla_editor>
      <ThemeNLAEditor
        grid="#656565"
        view_sliders="#959595"
        dopesheet_channel="#314d4f"
        dopesheet_subchannel="#31363d"
        nla_track="#393c44"
        active_action="#0f6b7280"
        active_action_unset="#22272e80"
        preview_range="#a0811366"
        strips="#4a5460"
        strips_selected="#35454d"
        transition_strips="#242732"
        transition_strips_selected="#4656d8"
        meta_strips="#3f2f44"
        meta_strips_selected="#8d3295"
        sound_strips="#31363d"
        sound_strips_selected="#2e637a"
        tweak="#466873"
        tweak_duplicate="#d65219"
        keyframe_border="#e0e0e0ff"
        keyframe_border_selected="#e0e0e0ff"
        frame_current="#5e8298"
        time_scrub_background="#252832ff"
        time_marker_line="#04040460"
        time_marker_line_selected="#fbfbfb60"
        >
        <space>
          <ThemeSpaceGeneric
            back="#31363d"
            title="#e0e0e0"
            text="#a5a5a5"
            text_hi="#e0e0e0"
            header="#2c303780"
            header_text="#e0e0e0"
            header_text_hi="#e0e0e0"
            button="#31363dff"
            button_title="#e0e0e0"
            button_text="#e0e0e0"
            button_text_hi="#e0e0e0"
            navigation_bar="#2c3037ff"
            execution_buts="#2c3037ff"
            tab_active="#2c3037"
            tab_inactive="#2c3037"
            tab_back="#31363dff"
            tab_outline="#2c3037ff"
            >
            <panelcolors>
              <ThemePanelColors
                header="#2c303780"
                back="#2a2e34b3"
                sub_back="#2a2c303e"
                >
              </ThemePanelColors>
            </panelcolors>
          </ThemeSpaceGeneric>
        </space>
        <space_list>
          <ThemeSpaceListGeneric
            list="#31363d"
            list_title="#e0e0e0"
            list_text="#b6b6b6"
            list_text_hi="#e0e0e0"
            >
          </ThemeSpaceListGeneric>
        </space_list>
      </ThemeNLAEditor>
    </nla_editor>
    <dopesheet_editor>
      <ThemeDopeSheet
        grid="#494949"
        frame_current="#5e8298"
        time_scrub_background="#242732e6"
        time_marker_line="#04040460"
        time_marker_line_selected="#fbfbfb60"
        value_sliders="#e0e0e0"
        view_sliders="#c1c1c1"
        dopesheet_channel="#2c303724"
        dopesheet_subchannel="#2c303724"
        channels="#2c303733"
        channels_selected="#d3d3d344"
        channel_group="#426569bf"
        active_channels_group="#0f6b7255"
        long_key="#1d1b1b80"
        long_key_selected="#fbda1dcc"
        keyframe="#e6e6e6"
        keyframe_selected="#fb5a26"
        keyframe_extreme="#c8d5e5"
        keyframe_extreme_selected="#efb297"
        keyframe_breakdown="#c8d5e5"
        keyframe_breakdown_selected="#6c9eea"
        keyframe_jitter="#8ce28e"
        keyframe_jitter_selected="#57bdab"
        keyframe_movehold="#5d5d5d"
        keyframe_movehold_selected="#fbef3f"
        keyframe_generated="#595959"
        keyframe_generated_selected="#a19d73"
        keyframe_border="#e0e0e0ff"
        keyframe_border_selected="#e0e0e0ff"
        keyframe_scale_factor="1"
        summary="#314d4f66"
        preview_range="#a0811366"
        interpolation_line="#8ce28ecc"
        simulated_frames="#722c52ff"
        >
        <space>
          <ThemeSpaceGeneric
            back="#2c3037"
            title="#e0e0e0"
            text="#a5a5a5"
            text_hi="#e0e0e0"
            header="#2c303780"
            header_text="#e0e0e0"
            header_text_hi="#e0e0e0"
            button="#31363dff"
            button_title="#e0e0e0"
            button_text="#e0e0e0"
            button_text_hi="#e0e0e0"
            navigation_bar="#2c3037ff"
            execution_buts="#2c3037ff"
            tab_active="#2c3037"
            tab_inactive="#2c3037"
            tab_back="#31363dff"
            tab_outline="#2c3037ff"
            >
            <panelcolors>
              <ThemePanelColors
                header="#2c303780"
                back="#2a2e34b3"
                sub_back="#16191c3e"
                >
              </ThemePanelColors>
            </panelcolors>
          </ThemeSpaceGeneric>
        </space>
        <space_list>
          <ThemeSpaceListGeneric
            list="#2c3037"
            list_title="#e0e0e0"
            list_text="#b6b6b6"
            list_text_hi="#e0e0e0"
            >
          </ThemeSpaceListGeneric>
        </space_list>
      </ThemeDopeSheet>
    </dopesheet_editor>
    <image_editor>
      <ThemeImageEditor
        grid="#32363dff"
        vertex="#040404"
        vertex_select="#51aafb"
        vertex_size="2"
        vertex_bevel="#fbfbfb"
        vertex_unreferenced="#e0e0e0"
        face="#548a8800"
        face_select="#1df5fb00"
        face_mode_select="#04040400"
        face_dot="#51aafb"
        facedot_size="3"
        freestyle_face_mark="#98fbb633"
        face_retopology="#04040400"
        face_back="#c5551759"
        face_front="#70fba48b"
        editmesh_active="#1df5fb00"
        wire_edit="#c1c1c1"
        edge_width="1"
        edge_select="#51aafb"
        scope_back="#595959ff"
        preview_stitch_face="#5e7f1033"
        preview_stitch_edge="#fb1db833"
        preview_stitch_vert="#fb1db833"
        preview_stitch_stitchable="#b8fb1dff"
        preview_stitch_unstitchable="#d92e21ff"
        preview_stitch_active="#deddd723"
        uv_shadow="#6f6f6fff"
        frame_current="#57bdab"
        metadatabg="#e0e0e0"
        metadatatext="#e0e0e0"
        handle_free="#e0e0e0"
        handle_auto="#6a9012"
        handle_align="#803f52"
        handle_sel_free="#e0e0e0"
        handle_sel_auto="#befb5b"
        handle_sel_align="#eda7a7"
        handle_auto_clamped="#e0e0e0"
        handle_sel_auto_clamped="#e0e0e0"
        handle_vertex="#e0e0e0"
        handle_vertex_select="#b8fb1d"
        handle_vertex_size="5"
        paint_curve_handle="#98fbb67f"
        paint_curve_pivot="#98fbb67f"
        >
        <space>
          <ThemeSpaceGeneric
            back="#1e2023"
            title="#e0e0e0"
            text="#e0e0e0"
            text_hi="#e0e0e0"
            header="#2c303780"
            header_text="#e0e0e0"
            header_text_hi="#e0e0e0"
            button="#2c3037ff"
            button_title="#e0e0e0"
            button_text="#e0e0e0"
            button_text_hi="#e0e0e0"
            navigation_bar="#2c3037ff"
            execution_buts="#2c3037ff"
            tab_active="#2c3037"
            tab_inactive="#2c3037"
            tab_back="#31363dff"
            tab_outline="#2c3037ff"
            >
            <panelcolors>
              <ThemePanelColors
                header="#2c303780"
                back="#2c3037ff"
                sub_back="#16191c3e"
                >
              </ThemePanelColors>
            </panelcolors>
          </ThemeSpaceGeneric>
        </space>
        <asset_shelf>
          <ThemeAssetShelf
            header_back="#202020ff"
            back="#323232ff"
            >
          </ThemeAssetShelf>
        </asset_shelf>
      </ThemeImageEditor>
    </image_editor>
    <sequence_editor>
      <ThemeSequenceEditor
        grid="#41444b"
        window_sliders="#9f9f9f"
        movie_strip="#5f6587"
        movieclip_strip="#4d318f"
        image_strip="#7c6681"
        scene_strip="#4f9758"
        audio_strip="#40904b"
        effect_strip="#a86671"
        transition_strip="#6f558f"
        color_strip="#8f8f8f"
        meta_strip="#7c908f"
        mask_strip="#8f7265"
        text_strip="#80a114"
        active_strip="#d6d6d6"
        selected_strip="#fbd929"
        frame_current="#88bddd"
        time_scrub_background="#2c2c2ce6"
        time_marker_line="#04040460"
        time_marker_line_selected="#fbfbfb60"
        keyframe="#b8fb1d"
        keyframe_selected="#fb5a26"
        keyframe_breakdown="#c8d5e5"
        keyframe_breakdown_selected="#6c9eea"
        keyframe_movehold="#7f7f7f"
        keyframe_movehold_selected="#fbef3f"
        keyframe_generated="#585858"
        keyframe_generated_selected="#a28962"
        keyframe_border="#040404ff"
        keyframe_border_selected="#040404ff"
        draw_action="#6aa2fb"
        preview_back="#e0e0e0"
        metadatabg="#e0e0e0"
        metadatatext="#e0e0e0"
        preview_range="#a0811366"
        row_alternate="#fbfbfb0d"
        >
        <space>
          <ThemeSpaceGeneric
            back="#2c3037"
            title="#e0e0e0"
            text="#a5a5a5"
            text_hi="#e0e0e0"
            header="#2c303780"
            header_text="#e0e0e0"
            header_text_hi="#e0e0e0"
            button="#31363dff"
            button_title="#e0e0e0"
            button_text="#e0e0e0"
            button_text_hi="#e0e0e0"
            navigation_bar="#2c3037ff"
            execution_buts="#2c3037ff"
            tab_active="#2c3037"
            tab_inactive="#2c3037"
            tab_back="#31363dff"
            tab_outline="#2c3037ff"
            >
            <panelcolors>
              <ThemePanelColors
                header="#2c303780"
                back="#2a2e34b3"
                sub_back="#16191c3e"
                >
              </ThemePanelColors>
            </panelcolors>
          </ThemeSpaceGeneric>
        </space>
        <space_list>
          <ThemeSpaceListGeneric
            list="#202020"
            list_title="#fbfbfb"
            list_text="#fbfbfb"
            list_text_hi="#fbfbfb"
            >
          </ThemeSpaceListGeneric>
        </space_list>
      </ThemeSequenceEditor>
    </sequence_editor>
    <properties>
      <ThemeProperties
        match="#35454d"
        active_modifier="#6b969900"
        >
        <space>
          <ThemeSpaceGeneric
            back="#2c3037"
            title="#d1d1d1"
            text="#e0e0e0"
            text_hi="#e0e0e0"
            header="#2c303780"
            header_text="#e0e0e0"
            header_text_hi="#e0e0e0"
            button="#31363dff"
            button_title="#e0e0e0"
            button_text="#e0e0e0"
            button_text_hi="#e0e0e0"
            navigation_bar="#2c3037ff"
            execution_buts="#2c3037ff"
            tab_active="#2c3037"
            tab_inactive="#31363d"
            tab_back="#31363dff"
            tab_outline="#2c3037ff"
            >
            <panelcolors>
              <ThemePanelColors
                header="#2c303780"
                back="#2c303771"
                sub_back="#2c3037cd"
                >
              </ThemePanelColors>
            </panelcolors>
          </ThemeSpaceGeneric>
        </space>
      </ThemeProperties>
    </properties>
    <text_editor>
      <ThemeTextEditor
        line_numbers="#5a6064"
        line_numbers_background="#2c3037"
        selected_text="#2b3943"
        cursor="#fbfbfb"
        syntax_builtin="#cc7ac4"
        syntax_symbols="#e6e6e6"
        syntax_special="#76aea4"
        syntax_preprocessor="#b76ea1"
        syntax_reserved="#c26272"
        syntax_comment="#656565"
        syntax_string="#5cbf9b"
        syntax_numbers="#fbfbfb"
        >
        <space>
          <ThemeSpaceGeneric
            back="#2c3037"
            title="#e0e0e0"
            text="#e0e0e0"
            text_hi="#e0e0e0"
            header="#2c303780"
            header_text="#e0e0e0"
            header_text_hi="#e0e0e0"
            button="#31363dff"
            button_title="#e0e0e0"
            button_text="#e0e0e0"
            button_text_hi="#e0e0e0"
            navigation_bar="#2c3037ff"
            execution_buts="#2c3037ff"
            tab_active="#2c3037"
            tab_inactive="#2c3037"
            tab_back="#31363dff"
            tab_outline="#2c3037ff"
            >
            <panelcolors>
              <ThemePanelColors
                header="#2c303780"
                back="#2a2e34b3"
                sub_back="#16191c3e"
                >
              </ThemePanelColors>
            </panelcolors>
          </ThemeSpaceGeneric>
        </space>
      </ThemeTextEditor>
    </text_editor>
    <node_editor>
      <ThemeNodeEditor
        grid="#494f54"
        node_selected="#fbfbfb"
        node_active="#67e4cd"
        wire="#757575ff"
        wire_inner="#2c3037"
        wire_select="#fbfbfbff"
        selected_text="#7f7d7d"
        node_backdrop="#343841ff"
        converter_node="#80a6fb"
        color_node="#b7ca53"
        group_node="#3b6735"
        group_socket_node="#202020"
        frame_node="#1d1d1dcc"
        matte_node="#96786b"
        distor_node="#839196"
        noodle_curving="3"
        grid_levels="3"
        dash_alpha="0.5"
        input_node="#e35d5d"
        output_node="#b17b48"
        filter_node="#6e5b80"
        vector_node="#cb99fb"
        texture_node="#e35d5d"
        shader_node="#4fc6b1"
        script_node="#133d4f"
        pattern_node="#6f6f6f"
        layout_node="#6f6f6f"
        geometry_node="#d65219"
        attribute_node="#4d5280"
        simulation_zone="#674d5c33"
        repeat_zone="#766a3d33"
        foreach_geometry_element_zone="#33527f33"
        >
        <space>
          <ThemeSpaceGeneric
            back="#2c3037"
            title="#e0e0e0"
            text="#e0e0e0"
            text_hi="#e0e0e0"
            header="#2c303780"
            header_text="#e0e0e0"
            header_text_hi="#e0e0e0"
            button="#30353d00"
            button_title="#e0e0e0"
            button_text="#e0e0e0"
            button_text_hi="#e0e0e0"
            navigation_bar="#2c3037ff"
            execution_buts="#2c3037ff"
            tab_active="#803f52"
            tab_inactive="#31363d"
            tab_back="#31363dff"
            tab_outline="#2c3037ff"
            >
            <panelcolors>
              <ThemePanelColors
                header="#2c303780"
                back="#31363dff"
                sub_back="#2a2e3400"
                >
              </ThemePanelColors>
            </panelcolors>
          </ThemeSpaceGeneric>
        </space>
        <space_list>
          <ThemeSpaceListGeneric
            list="#41444b"
            list_title="#e0e0e0"
            list_text="#e0e0e0"
            list_text_hi="#e0e0e0"
            >
          </ThemeSpaceListGeneric>
        </space_list>
      </ThemeNodeEditor>
    </node_editor>
    <outliner>
      <ThemeOutliner
        match="#427f54"
        selected_highlight="#314d4f"
        active="#35454d"
        selected_object="#ffffff"
        active_object="#36cc8f"
        edited_object="#10798066"
        row_alternate="#04040400"
        >
        <space>
          <ThemeSpaceGeneric
            back="#2c3037"
            title="#e0e0e0"
            text="#c1c1c1"
            text_hi="#e0e0e0"
            header="#2c303780"
            header_text="#e0e0e0"
            header_text_hi="#e0e0e0"
            button="#31363dff"
            button_title="#e0e0e0"
            button_text="#e0e0e0"
            button_text_hi="#e0e0e0"
            navigation_bar="#2c3037ff"
            execution_buts="#2c3037ff"
            tab_active="#2c3037"
            tab_inactive="#2c3037"
            tab_back="#2c3037ff"
            tab_outline="#2c3037ff"
            >
            <panelcolors>
              <ThemePanelColors
                header="#2c303780"
                back="#2c3037ff"
                sub_back="#2c3037ff"
                >
              </ThemePanelColors>
            </panelcolors>
          </ThemeSpaceGeneric>
        </space>
      </ThemeOutliner>
    </outliner>
    <info>
      <ThemeInfo
        info_selected="#49555b"
        info_selected_text="#fbfbfb"
        info_error="#ff00024d"
        info_error_text="#fb3d3c"
        info_warning="#fba93166"
        info_warning_text="#fba931"
        info_info="#2b2f63ff"
        info_info_text="#d8d8d8"
        info_debug="#4d806bff"
        info_debug_text="#fbfbfb"
        info_property="#4d806bff"
        info_property_text="#fbfbfb"
        info_operator="#5a8070ff"
        info_operator_text="#fbfbfb"
        >
        <space>
          <ThemeSpaceGeneric
            back="#2c3037"
            title="#e0e0e0"
            text="#e0e0e0"
            text_hi="#e0e0e0"
            header="#2c303780"
            header_text="#e0e0e0"
            header_text_hi="#e0e0e0"
            button="#31363dff"
            button_title="#e0e0e0"
            button_text="#e0e0e0"
            button_text_hi="#e0e0e0"
            navigation_bar="#2c3037ff"
            execution_buts="#2c3037ff"
            tab_active="#2c3037"
            tab_inactive="#2c3037"
            tab_back="#31363dff"
            tab_outline="#2c3037ff"
            >
            <panelcolors>
              <ThemePanelColors
                header="#2c303780"
                back="#2a2e34b3"
                sub_back="#16191c3e"
                >
              </ThemePanelColors>
            </panelcolors>
          </ThemeSpaceGeneric>
        </space>
      </ThemeInfo>
    </info>
    <preferences>
      <ThemePreferences>
        <space>
          <ThemeSpaceGeneric
            back="#2c3037"
            title="#e0e0e0"
            text="#e0e0e0"
            text_hi="#e0e0e0"
            header="#2c303780"
            header_text="#e0e0e0"
            header_text_hi="#547481"
            button="#31363dff"
            button_title="#e0e0e0"
            button_text="#e0e0e0"
            button_text_hi="#557385"
            navigation_bar="#2c3037ff"
            execution_buts="#2c3037ff"
            tab_active="#5a7b8a"
            tab_inactive="#2c3037"
            tab_back="#31363dff"
            tab_outline="#2c3037ff"
            >
            <panelcolors>
              <ThemePanelColors
                header="#2c303780"
                back="#2c3037ff"
                sub_back="#2c30373e"
                >
              </ThemePanelColors>
            </panelcolors>
          </ThemeSpaceGeneric>
        </space>
      </ThemePreferences>
    </preferences>
    <console>
      <ThemeConsole
        line_output="#67e4cd"
        line_input="#e0e0e0"
        line_info="#6b9699"
        line_error="#befb5b"
        cursor="#3aa292"
        select="#ffffff33"
        >
        <space>
          <ThemeSpaceGeneric
            back="#2c3037"
            title="#e0e0e0"
            text="#e0e0e0"
            text_hi="#e0e0e0"
            header="#2c303780"
            header_text="#e0e0e0"
            header_text_hi="#e0e0e0"
            button="#31363dff"
            button_title="#e0e0e0"
            button_text="#e0e0e0"
            button_text_hi="#e0e0e0"
            navigation_bar="#2c3037ff"
            execution_buts="#2c3037ff"
            tab_active="#2c3037"
            tab_inactive="#2c3037"
            tab_back="#31363dff"
            tab_outline="#2c3037ff"
            >
            <panelcolors>
              <ThemePanelColors
                header="#2c303780"
                back="#2a2e34b3"
                sub_back="#16191c3e"
                >
              </ThemePanelColors>
            </panelcolors>
          </ThemeSpaceGeneric>
        </space>
      </ThemeConsole>
    </console>
    <clip_editor>
      <ThemeClipEditor
        grid="#040404ff"
        marker_outline="#2c3037"
        marker="#7f3110"
        active_marker="#e0e0e0"
        selected_marker="#b8fb1d"
        disabled_marker="#7f3110"
        locked_marker="#7f7f7f"
        path_before="#d92e21"
        path_after="#b8fb1d"
        path_keyframe_before="#e4dbfb"
        path_keyframe_after="#e4dbfb"
        frame_current="#5e8298"
        time_scrub_background="#2c2c2ce6"
        time_marker_line="#04040460"
        time_marker_line_selected="#fbfbfb60"
        strips="#0f0f0f"
        strips_selected="#b8fb1d"
        metadatabg="#e0e0e0"
        metadatatext="#e0e0e0"
        handle_free="#e0e0e0"
        handle_auto="#6a9012"
        handle_align="#803f52"
        handle_sel_free="#e0e0e0"
        handle_sel_auto="#befb5b"
        handle_sel_align="#eda7a7"
        handle_auto_clamped="#e0e0e0"
        handle_sel_auto_clamped="#e0e0e0"
        handle_vertex="#e0e0e0"
        handle_vertex_select="#b8fb1d"
        handle_vertex_size="5"
        >
        <space>
          <ThemeSpaceGeneric
            back="#2c3037"
            title="#e0e0e0"
            text="#a5a5a5"
            text_hi="#e0e0e0"
            header="#2c303780"
            header_text="#e0e0e0"
            header_text_hi="#e0e0e0"
            button="#31363dff"
            button_title="#e0e0e0"
            button_text="#e0e0e0"
            button_text_hi="#e0e0e0"
            navigation_bar="#2c3037ff"
            execution_buts="#2c3037ff"
            tab_active="#2c3037"
            tab_inactive="#2c3037"
            tab_back="#31363dff"
            tab_outline="#2c3037ff"
            >
            <panelcolors>
              <ThemePanelColors
                header="#2c303780"
                back="#2a2e34b3"
                sub_back="#16191c3e"
                >
              </ThemePanelColors>
            </panelcolors>
          </ThemeSpaceGeneric>
        </space>
        <space_list>
          <ThemeSpaceListGeneric
            list="#2c3037"
            list_title="#e0e0e0"
            list_text="#e0e0e0"
            list_text_hi="#e0e0e0"
            >
          </ThemeSpaceListGeneric>
        </space_list>
      </ThemeClipEditor>
    </clip_editor>
    <topbar>
      <ThemeTopBar>
        <space>
          <ThemeSpaceGeneric
            back="#2c3037"
            title="#e0e0e0"
            text="#e0e0e0"
            text_hi="#e0e0e0"
            header="#2c303780"
            header_text="#e0e0e0"
            header_text_hi="#e0e0e0"
            button="#494949ff"
            button_title="#e0e0e0"
            button_text="#e0e0e0"
            button_text_hi="#e0e0e0"
            navigation_bar="#2c3037ff"
            execution_buts="#2c3037ff"
            tab_active="#2c3037"
            tab_inactive="#2c3037"
            tab_back="#2c3037ff"
            tab_outline="#2c3037ff"
            >
            <panelcolors>
              <ThemePanelColors
                header="#2c303780"
                back="#373737b3"
                sub_back="#16191c3e"
                >
              </ThemePanelColors>
            </panelcolors>
          </ThemeSpaceGeneric>
        </space>
      </ThemeTopBar>
    </topbar>
    <statusbar>
      <ThemeStatusBar>
        <space>
          <ThemeSpaceGeneric
            back="#494949"
            title="#e0e0e0"
            text="#e0e0e0"
            text_hi="#e0e0e0"
            header="#2c303780"
            header_text="#abc3d1"
            header_text_hi="#e0e0e0"
            button="#2c3037ff"
            button_title="#e0e0e0"
            button_text="#e0e0e0"
            button_text_hi="#e0e0e0"
            navigation_bar="#2c3037ff"
            execution_buts="#2c3037ff"
            tab_active="#2c3037"
            tab_inactive="#2c3037"
            tab_back="#31363dff"
            tab_outline="#2c3037ff"
            >
            <panelcolors>
              <ThemePanelColors
                header="#2c303780"
                back="#31363db3"
                sub_back="#16191c3e"
                >
              </ThemePanelColors>
            </panelcolors>
          </ThemeSpaceGeneric>
        </space>
      </ThemeStatusBar>
    </statusbar>
    <spreadsheet>
      <ThemeSpreadsheet
        row_alternate="#04040400"
        >
        <space>
          <ThemeSpaceGeneric
            back="#2c3037"
            title="#e0e0e0"
            text="#c1c1c1"
            text_hi="#e0e0e0"
            header="#2c303780"
            header_text="#e0e0e0"
            header_text_hi="#e0e0e0"
            button="#2c3037ff"
            button_title="#e0e0e0"
            button_text="#e0e0e0"
            button_text_hi="#e0e0e0"
            navigation_bar="#2c3037ff"
            execution_buts="#2c3037ff"
            tab_active="#2c3037"
            tab_inactive="#2c3037"
            tab_back="#31363dff"
            tab_outline="#2c3037ff"
            >
            <panelcolors>
              <ThemePanelColors
                header="#2c303780"
                back="#2a2e34b3"
                sub_back="#16191c3e"
                >
              </ThemePanelColors>
            </panelcolors>
          </ThemeSpaceGeneric>
        </space>
        <space_list>
          <ThemeSpaceListGeneric
            list="#31363d"
            list_title="#e0e0e0"
            list_text="#b6b6b6"
            list_text_hi="#fbef3f"
            >
          </ThemeSpaceListGeneric>
        </space_list>
      </ThemeSpreadsheet>
    </spreadsheet>
    <bone_color_sets>
      <ThemeBoneColorSet
        normal="#9a0000"
        select="#bd1111"
        active="#f70a0a"
        show_colored_constraints="FALSE"
        >
      </ThemeBoneColorSet>
      <ThemeBoneColorSet
        normal="#f74018"
        select="#f66913"
        active="#fa9900"
        show_colored_constraints="FALSE"
        >
      </ThemeBoneColorSet>
      <ThemeBoneColorSet
        normal="#1e9109"
        select="#59b70b"
        active="#83ef1d"
        show_colored_constraints="FALSE"
        >
      </ThemeBoneColorSet>
      <ThemeBoneColorSet
        normal="#0a3694"
        select="#3667df"
        active="#5ec1ef"
        show_colored_constraints="FALSE"
        >
      </ThemeBoneColorSet>
      <ThemeBoneColorSet
        normal="#a9294e"
        select="#c1416a"
        active="#f05d91"
        show_colored_constraints="FALSE"
        >
      </ThemeBoneColorSet>
      <ThemeBoneColorSet
        normal="#430c78"
        select="#543aa3"
        active="#8764d5"
        show_colored_constraints="FALSE"
        >
      </ThemeBoneColorSet>
      <ThemeBoneColorSet
        normal="#24785a"
        select="#3c9579"
        active="#6fb6ab"
        show_colored_constraints="FALSE"
        >
      </ThemeBoneColorSet>
      <ThemeBoneColorSet
        normal="#4b707c"
        select="#6a8691"
        active="#9bc2cd"
        show_colored_constraints="FALSE"
        >
      </ThemeBoneColorSet>
      <ThemeBoneColorSet
        normal="#f4c90c"
        select="#eec236"
        active="#f3ff00"
        show_colored_constraints="FALSE"
        >
      </ThemeBoneColorSet>
      <ThemeBoneColorSet
        normal="#1e2024"
        select="#484c56"
        active="#d3dae3"
        show_colored_constraints="FALSE"
        >
      </ThemeBoneColorSet>
      <ThemeBoneColorSet
        normal="#6f2f6a"
        select="#9845be"
        active="#d330d6"
        show_colored_constraints="FALSE"
        >
      </ThemeBoneColorSet>
      <ThemeBoneColorSet
        normal="#6c8e22"
        select="#7fb022"
        active="#bbef5b"
        show_colored_constraints="FALSE"
        >
      </ThemeBoneColorSet>
      <ThemeBoneColorSet
        normal="#8d8d8d"
        select="#b0b0b0"
        active="#dedede"
        show_colored_constraints="FALSE"
        >
      </ThemeBoneColorSet>
      <ThemeBoneColorSet
        normal="#834326"
        select="#8b5811"
        active="#bd6a11"
        show_colored_constraints="FALSE"
        >
      </ThemeBoneColorSet>
      <ThemeBoneColorSet
        normal="#08310e"
        select="#1c430b"
        active="#34622b"
        show_colored_constraints="FALSE"
        >
      </ThemeBoneColorSet>
      <ThemeBoneColorSet
        normal="#000000"
        select="#000000"
        active="#000000"
        show_colored_constraints="FALSE"
        >
      </ThemeBoneColorSet>
      <ThemeBoneColorSet
        normal="#000000"
        select="#000000"
        active="#000000"
        show_colored_constraints="FALSE"
        >
      </ThemeBoneColorSet>
      <ThemeBoneColorSet
        normal="#000000"
        select="#000000"
        active="#000000"
        show_colored_constraints="FALSE"
        >
      </ThemeBoneColorSet>
      <ThemeBoneColorSet
        normal="#000000"
        select="#000000"
        active="#000000"
        show_colored_constraints="FALSE"
        >
      </ThemeBoneColorSet>
      <ThemeBoneColorSet
        normal="#000000"
        select="#000000"
        active="#000000"
        show_colored_constraints="FALSE"
        >
      </ThemeBoneColorSet>
    </bone_color_sets>
    <collection_color>
      <ThemeCollectionColor
        color="#e2605b"
        >
      </ThemeCollectionColor>
      <ThemeCollectionColor
        color="#f1a355"
        >
      </ThemeCollectionColor>
      <ThemeCollectionColor
        color="#f1dc55"
        >
      </ThemeCollectionColor>
      <ThemeCollectionColor
        color="#7bcc7b"
        >
      </ThemeCollectionColor>
      <ThemeCollectionColor
        color="#5db6ea"
        >
      </ThemeCollectionColor>
      <ThemeCollectionColor
        color="#8d59da"
        >
      </ThemeCollectionColor>
      <ThemeCollectionColor
        color="#c673b8"
        >
      </ThemeCollectionColor>
      <ThemeCollectionColor
        color="#7a5441"
        >
      </ThemeCollectionColor>
    </collection_color>
    <strip_color>
      <ThemeStripColor
        color="#e2605b"
        >
      </ThemeStripColor>
      <ThemeStripColor
        color="#f1a355"
        >
      </ThemeStripColor>
      <ThemeStripColor
        color="#f1dc55"
        >
      </ThemeStripColor>
      <ThemeStripColor
        color="#7bcc7b"
        >
      </ThemeStripColor>
      <ThemeStripColor
        color="#5db6ea"
        >
      </ThemeStripColor>
      <ThemeStripColor
        color="#8d59da"
        >
      </ThemeStripColor>
      <ThemeStripColor
        color="#c673b8"
        >
      </ThemeStripColor>
      <ThemeStripColor
        color="#7a5441"
        >
      </ThemeStripColor>
      <ThemeStripColor
        color="#5f5f5f"
        >
      </ThemeStripColor>
    </strip_color>
  </Theme>
  <ThemeStyle>
    <panel_title>
      <ThemeFontStyle
        points="14"
        character_weight="500"
        shadow="3"
        shadow_offset_x="0"
        shadow_offset_y="-1"
        shadow_alpha="0.5"
        shadow_value="0"
        >
      </ThemeFontStyle>
    </panel_title>
    <widget>
      <ThemeFontStyle
        points="13.5"
        character_weight="500"
        shadow="1"
        shadow_offset_x="0"
        shadow_offset_y="-1"
        shadow_alpha="0.5"
        shadow_value="0"
        >
      </ThemeFontStyle>
    </widget>
    <tooltip>
      <ThemeFontStyle
        points="11"
        character_weight="400"
        shadow="0"
        shadow_offset_x="0"
        shadow_offset_y="-1"
        shadow_alpha="0.5"
        shadow_value="0"
        >
      </ThemeFontStyle>
    </tooltip>
  </ThemeStyle>
</bpy>
